Category,Title,Link
Amazon Foundations,Core Amazon Terminology,https://wiki.amazowl.com/sop/amazon-foundations/core-terms-definitions
Amazon Foundations,Amazon Platforms,https://wiki.amazowl.com/sop/amazon-foundations/definitions-overview-platforms
Amazon Foundations,Amazon Programs,https://wiki.amazowl.com/sop/amazon-foundations/definitions-overview-programs
Amazon Foundations,Amazon Brand Registry,https://wiki.amazowl.com/sop/amazon-foundations/reporting-a-violation
Amazon Foundations,Amazon Brand Registry,https://wiki.amazowl.com/sop/amazon-foundations/retracting-a-violation
Amazon Foundations,Amazon Brand Registry,https://wiki.amazowl.com/sop/amazon-foundations/Brand_registry_roles
Amazon Foundations,Amazon Brand Registry,https://wiki.amazowl.com/sop/amazon-foundations/Enroll_a_Brand
Amazon Foundations,Amazon Brand Registry,https://wiki.amazowl.com/sop/amazon-foundations/errors
Amazon Foundations,Amazon Brand Registry,https://wiki.amazowl.com/sop/amazon-foundations/Brand_Registry_Support
Amazon Foundations,Amazon Brand Registry,https://wiki.amazowl.com/sop/amazon-foundations/Project_Zero
Amazon Foundations,Vine Program for Vendor Central,https://wiki.amazowl.com/sop/amazon-foundations/enabling-vine-account-vendor-central
Amazon Foundations,Vine Program for Vendor Central,https://wiki.amazowl.com/sop/amazon-foundations/enrolling-product-vine-program-vendor-central
Amazon Foundations,Vine Program for Vendor Central,https://wiki.amazowl.com/sop/amazon-foundations/editing-enrolled-vine-product-vendor-central
Amazon Foundations,Vine Program for Vendor Central,https://wiki.amazowl.com/sop/amazon-foundations/editing-targeting-enrolled-vine-product-vendor-central
Amazon Foundations,Vine Program for Vendor Central,https://wiki.amazowl.com/sop/amazon-foundations/creating-shipment-printing-labels-enrolled-vine-product-vendor-central
Amazon Foundations,Vine Program for Vendor Central,https://wiki.amazowl.com/sop/amazon-foundations/cancelling-enrolled-vine-product-vendor-central
Amazon Foundations,Vine Program for Vendor Central,https://wiki.amazowl.com/sop/amazon-foundations/viewing-performance-enrolled-vine-product-vendor-central
Amazon Foundations,Vine Program on Seller Central,https://wiki.amazowl.com/sop/amazon-foundations/enrolling-in-vine-program-seller-central
Amazon Foundations,Vine Program on Seller Central,https://wiki.amazowl.com/sop/amazon-foundations/enrolling-products-vine-program-seller-central
Amazon Foundations,Vine Program on Seller Central,https://wiki.amazowl.com/sop/amazon-foundations/managing-enrolled-vine-products-seller-central
Amazon Foundations,Vine Program on Seller Central,https://wiki.amazowl.com/sop/amazon-foundations/editing-vine-enrolled-products-seller-central
Amazon Foundations,Vine Program on Seller Central,https://wiki.amazowl.com/sop/amazon-foundations/cancelling-vine-enrolled-products-seller-central
Amazon Foundations,Vine Program on Seller Central,https://wiki.amazowl.com/sop/amazon-foundations/fixing-errors-products-vine-program-seller-central
Amazon Foundations,Vine Program on Seller Central,https://wiki.amazowl.com/sop/amazon-foundations/tracking-reviews-vine-enrolled-products-seller-central
Amazon Foundations,Early Reviewer Program on Seller Central,https://wiki.amazowl.com/sop/amazon-foundations/knowing-eligibility-costs-early-reviewer-program-seller-central
Amazon Foundations,Early Reviewer Program on Seller Central,https://wiki.amazowl.com/sop/amazon-foundations/enrolling-single-SKUs-early-reviewer-program-seller-central
Amazon Foundations,Early Reviewer Program on Seller Central,https://wiki.amazowl.com/sop/amazon-foundations/enrolling-multiple-SKUs-early-reviewer-program-seller-central
Amazon Foundations,Early Reviewer Program on Seller Central,https://wiki.amazowl.com/sop/amazon-foundations/viewing-performance-status-reviews-products-early-reviewer-program-seller-central
Amazon Seller Central,Seller Central Terminology,https://wiki.amazowl.com/sop/seller-central/terms-and-definitions
Amazon Seller Central,Fulfillment by Amazon (FBA),https://wiki.amazowl.com/sop/seller-central/forecast-FBA-shipments
Amazon Seller Central,Fulfillment by Amazon (FBA),https://wiki.amazowl.com/sop/seller-central/create-FBA-shipments
Amazon Seller Central,Fulfillment by Amazon (FBA) Reimbursements,https://wiki.amazowl.com/sop/seller-central/reconcile-inbound-FBA-shipments
Amazon Seller Central,Fulfillment by Amazon (FBA) Reimbursements,https://wiki.amazowl.com/sop/seller-central/create-case-inbound-FBA-shipment-discrepancies
Amazon Seller Central,Fulfillment by Amazon (FBA) Reimbursements,https://wiki.amazowl.com/sop/seller-central/reconcile-FBA-inventory-report
Amazon Seller Central,Fulfillment by Amazon (FBA) Reimbursements,https://wiki.amazowl.com/sop/seller-central/create-case-reimbursements-FBA-inventory
Amazon Seller Central,Fulfillment by Amazon (FBA) Reimbursements,https://wiki.amazowl.com/sop/seller-central/reconcile-customer-returns-reimbursements
Amazon Seller Central,Fulfillment by Amazon (FBA) Reimbursements,https://wiki.amazowl.com/sop/seller-central/create-case-FBA-customer-returns-not-refunded
Amazon Seller Central,Fulfillment by Merchant (FBM),https://wiki.amazowl.com/sop/seller-central/creating-FBM-SKUs-for-your-ASINs
Amazon Seller Central,Fulfillment by Merchant (FBM),https://wiki.amazowl.com/sop/seller-central/setting-available-quantity-for-FBM-SKUs
Amazon Seller Central,Fulfillment by Merchant (FBM),https://wiki.amazowl.com/sop/seller-central/assigning-FBM-SKUs-to-existing-shipping-template
Amazon Seller Central,Fulfillment by Merchant (FBM),https://wiki.amazowl.com/sop/seller-central/setting-up-shipping-templates-for-FBM-SKUs
Amazon Seller Central,Fulfillment by Merchant (FBM),https://wiki.amazowl.com/sop/seller-central/setting-up-return-settings-for-FBM-SKUs
Amazon Seller Central,Fulfillment by Merchant (FBM),https://wiki.amazowl.com/sop/seller-central/setting-returns-policy-for-merchant-fulfilled-orders
Amazon Seller Central,Fulfillment by Merchant (FBM),https://wiki.amazowl.com/sop/seller-central/fulfilling-FBM-orders-via-email-notification
Amazon Seller Central,Fulfillment by Merchant (FBM),https://wiki.amazowl.com/sop/seller-central/fulfilling-FBM-orders-via-seller-central
Amazon Seller Central,Fulfillment by Merchant (FBM),https://wiki.amazowl.com/sop/seller-central/updating-tracking-for-FBM-orders-via-seller-central
Amazon Seller Central,Seller Fulfilled Prime,https://wiki.amazowl.com/sop/seller-central/eligibility-criteria-seller-fulfilled-prime
Amazon Seller Central,Seller Fulfilled Prime,https://wiki.amazowl.com/sop/seller-central/creating-seller-fulfilled-prime-skus-for-your-asins
Amazon Seller Central,Seller Fulfilled Prime,https://wiki.amazowl.com/sop/seller-central/setting-available-quantity-for-seller-fulfilled-prime-skus
Amazon Seller Central,Seller Fulfilled Prime,https://wiki.amazowl.com/sop/seller-central/setting-new-shipping-template-for-seller-fulfilled-prime-skus
Amazon Seller Central,Seller Fulfilled Prime,https://wiki.amazowl.com/sop/seller-central/setting-seller-fulfilled-prime-on-existing-shipping-template
Amazon Seller Central,Seller Fulfilled Prime,https://wiki.amazowl.com/sop/seller-central/enabling-seller-fulfilled-prime-on-your-account
Amazon Seller Central,Seller Fulfilled Prime,https://wiki.amazowl.com/sop/seller-central/assigning-seller-fulfilled-prime-skus-to-prime-shipping-template
Amazon Seller Central,Seller Fulfilled Prime,https://wiki.amazowl.com/sop/seller-central/setting-return-settings-for-seller-fulfilled-prime-skus
Amazon Seller Central,Seller Fulfilled Prime,https://wiki.amazowl.com/sop/seller-central/setting-returns-policy-for-your-seller-fulfilled-prime-orders
Amazon Seller Central,Seller Fulfilled Prime,https://wiki.amazowl.com/sop/seller-central/fulfilling-seller-fulfilled-prime-orders-via-email-notification
Amazon Seller Central,Seller Fulfilled Prime,https://wiki.amazowl.com/sop/seller-central/fulfilling-seller-fulfilled-prime-orders-via-seller-central
Amazon Seller Central,Seller Fulfilled Prime,https://wiki.amazowl.com/sop/seller-central/seller-fulfilled-prime-trial-period
Amazon Seller Central,Seller Fulfilled Prime,https://wiki.amazowl.com/sop/seller-central/checking-performance-metrics-for-seller-fulfilled-prime
Amazon Seller Central,Seller Fulfilled Prime,https://wiki.amazowl.com/sop/seller-central/seller-fulfilled-prime-enabled
Amazon Seller Central,Seller Central Catalog Management,https://wiki.amazowl.com/sop/seller-central/add-exist-ASIN-manually
Amazon Seller Central,Seller Central Catalog Management,https://wiki.amazowl.com/sop/seller-central/add-exist-ASIN-template
Amazon Seller Central,Seller Central Catalog Management,https://wiki.amazowl.com/sop/seller-central/create-new-ASIN-manually
Amazon Seller Central,Seller Central Catalog Management,https://wiki.amazowl.com/sop/seller-central/create-new-ASIN-template
Amazon Seller Central,Seller Central Catalog Management,https://wiki.amazowl.com/sop/seller-central/use-lister-loader-template
Amazon Seller Central,Seller Central Catalog Management,https://wiki.amazowl.com/sop/seller-central/edit-ASIN-manually
Amazon Seller Central,Seller Central Catalog Management,https://wiki.amazowl.com/sop/seller-central/edit-ASIN-template
Amazon Seller Central,Seller Central Catalog Management,https://wiki.amazowl.com/sop/seller-central/edit-price
Amazon Seller Central,Seller Central Catalog Management,https://wiki.amazowl.com/sop/seller-central/remove-delete-ASIN
Amazon Seller Central,Seller Central Catalog Management,https://wiki.amazowl.com/sop/seller-central/FBA-to-FBM
Amazon Seller Central,Seller Central Catalog Management,https://wiki.amazowl.com/sop/seller-central/add-edit-remove-video
Amazon Seller Central,Seller Central Catalog Management,https://wiki.amazowl.com/sop/seller-central/create-variation-manually
Amazon Seller Central,Seller Central Catalog Management,https://wiki.amazowl.com/sop/seller-central/create-variation-template
Amazon Seller Central,Seller Central Catalog Management,https://wiki.amazowl.com/sop/seller-central/edit-variation-manually
Amazon Seller Central,Seller Central Catalog Management,https://wiki.amazowl.com/sop/seller-central/edit-variation-template
Amazon Seller Central,Seller Central Catalog Management,https://wiki.amazowl.com/sop/seller-central/remove-ASIN-variation
Amazon Seller Central,Seller Central Catalog Management,https://wiki.amazowl.com/sop/seller-central/split-variation
Amazon Seller Central,Seller Central Catalog Management,https://wiki.amazowl.com/sop/seller-central/add-stand-alone-ASIN-exist-family
Amazon Seller Central,Seller Central Catalog Management,https://wiki.amazowl.com/sop/seller-central/create-new-family-combine-exist-ASIN
Amazon Seller Central,Seller Central Catalog Management,https://wiki.amazowl.com/sop/seller-central/merge-variation
Amazon Seller Central,Seller Central Catalog Management,https://wiki.amazowl.com/sop/seller-central/locate-style-guide
Amazon Seller Central,Seller Central Catalog Management,https://wiki.amazowl.com/sop/seller-central/locate-browse-tree
Amazon Seller Central,Seller Central Catalog Management,https://wiki.amazowl.com/sop/seller-central/manage-pricing
Amazon Seller Central,Seller Central Catalog Management,https://wiki.amazowl.com/sop/seller-central/manage-inactive-inventory
Amazon Seller Central,Seller Central Catalog Management,https://wiki.amazowl.com/sop/seller-central/manage-inventory-Amazon-fulfils
Amazon Seller Central,Seller Central Catalog Management,https://wiki.amazowl.com/sop/seller-central/manage-listing-enhancements
Amazon Seller Central,Seller Central Catalog Management,https://wiki.amazowl.com/sop/seller-central/manage-suppressed-inventory
Amazon Seller Central,Seller Central Catalog Management,https://wiki.amazowl.com/sop/seller-central/fix-stranded-inventory
Amazon Seller Central,Seller Central Catalog Management,https://wiki.amazowl.com/sop/seller-central/remove-unfillable-inventory
Amazon Seller Central,Seller Central Pricing Management,https://wiki.amazowl.com/sop/seller-central/manage-pricing-health
Amazon Seller Central,Seller Central Pricing Management,https://wiki.amazowl.com/sop/seller-central/read-price-dashboard
Amazon Seller Central,Seller Central Pricing Management,https://wiki.amazowl.com/sop/seller-central/manage-buy-box-percentage
Amazon Seller Central,Seller Central Pricing Management,https://wiki.amazowl.com/sop/seller-central/manage-price-competitiveness
Amazon Seller Central,Seller Central Pricing Management,https://wiki.amazowl.com/sop/seller-central/manage-sales-conversion
Amazon Seller Central,Seller Central Pricing Management,https://wiki.amazowl.com/sop/seller-central/manage-fee-discounts
Amazon Seller Central,Seller Central Pricing Management,https://wiki.amazowl.com/sop/seller-central/manage-product-pricing
Amazon Seller Central,Seller Central Pricing Management,https://wiki.amazowl.com/sop/seller-central/fix-price-alerts
Amazon Seller Central,Seller Central Pricing Management,https://wiki.amazowl.com/sop/seller-central/create-new-automated-pricing-rule
Amazon Seller Central,Seller Central Pricing Management,https://wiki.amazowl.com/sop/seller-central/edit-existing-automated-pricing-spreadsheet
Amazon Seller Central,Seller Central Pricing Management,https://wiki.amazowl.com/sop/seller-central/edit-existing-automated-pricing-rule-manually
Amazon Seller Central,Seller Central Inventory Reports,https://wiki.amazowl.com/sop/seller-central/creating-inventory-report
Amazon Seller Central,Seller Central Inventory Reports,https://wiki.amazowl.com/sop/seller-central/creating-active-listings-report
Amazon Seller Central,Seller Central Inventory Reports,https://wiki.amazowl.com/sop/seller-central/creating-open-listings-lite-report
Amazon Seller Central,Seller Central Inventory Reports,https://wiki.amazowl.com/sop/seller-central/creating-open-listings-liter-report
Amazon Seller Central,Seller Central Inventory Reports,https://wiki.amazowl.com/sop/seller-central/creating-open-listings-report
Amazon Seller Central,Seller Central Inventory Reports,https://wiki.amazowl.com/sop/seller-central/creating-cancelled-listings-report
Amazon Seller Central,Seller Central Inventory Reports,https://wiki.amazowl.com/sop/seller-central/creating-inactive-listings-report
Amazon Seller Central,Seller Central Inventory Reports,https://wiki.amazowl.com/sop/seller-central/creating-all-listings-report
Amazon Seller Central,Seller Central Inventory Reports,https://wiki.amazowl.com/sop/seller-central/creating-sold-listings-report
Amazon Seller Central,Seller Central Inventory Reports,https://wiki.amazowl.com/sop/seller-central/creating-category-listings-report
Amazon Seller Central,Seller Central Inventory Reports,https://wiki.amazowl.com/sop/seller-central/creating-listing-quality-suppressed-listings-report
Amazon Seller Central,Seller Central Inventory Reports,https://wiki.amazowl.com/sop/seller-central/creating-referral-fee-preview-report
Amazon Seller Central,Seller Central Inventory Reports,https://wiki.amazowl.com/sop/seller-central/creating-amazon-fulfilled-inventory-report
Amazon Seller Central,Seller Central Inventory Reports,https://wiki.amazowl.com/sop/seller-central/creating-high-volumes-listing-report
Amazon Seller Central,Seller Central Inventory Reports,https://wiki.amazowl.com/sop/seller-central/creating-referral-fee-discounts-report
Amazon Seller Central,Creating Fulfillment Reports,https://wiki.amazowl.com/sop/seller-central/creating-multi-country-inventory-report
Amazon Seller Central,Creating Fulfillment Reports,https://wiki.amazowl.com/sop/seller-central/creating-dangerous-goods-status-report
Amazon Seller Central,Creating Fulfillment Reports,https://wiki.amazowl.com/sop/seller-central/creating-restock-inventory-report
Amazon Seller Central,Creating Fulfillment Reports,https://wiki.amazowl.com/sop/seller-central/creating-stranded-inventory-report
Amazon Seller Central,Creating Fulfillment Reports,https://wiki.amazowl.com/sop/seller-central/creating-reserved-inventory-report
Amazon Seller Central,Creating Fulfillment Reports,https://wiki.amazowl.com/sop/seller-central/creating-subscribe-and-save-forecasting-report
Amazon Seller Central,Creating Fulfillment Reports,https://wiki.amazowl.com/sop/seller-central/creating-inventory-reconciliation-report
Amazon Seller Central,Creating Fulfillment Reports,https://wiki.amazowl.com/sop/seller-central/creating-small-and-light-inventory-report
Amazon Seller Central,Creating Fulfillment Reports,https://wiki.amazowl.com/sop/seller-central/creating-an-amazon-fulfilled-inventory-report
Amazon Seller Central,Creating Fulfillment Reports,https://wiki.amazowl.com/sop/seller-central/creating-daily-inventory-history-report
Amazon Seller Central,Creating Fulfillment Reports,https://wiki.amazowl.com/sop/seller-central/creating-monthly-inventory-history-report
Amazon Seller Central,Creating Fulfillment Reports,https://wiki.amazowl.com/sop/seller-central/creating-received-inventory-report
Amazon Seller Central,Creating Fulfillment Reports,https://wiki.amazowl.com/sop/seller-central/creating-inventory-event-detail-report
Amazon Seller Central,Creating Fulfillment Reports,https://wiki.amazowl.com/sop/seller-central/creating-inventory-adjustments-report
Amazon Seller Central,Creating Fulfillment Reports,https://wiki.amazowl.com/sop/seller-central/creating-inventory-health-report
Amazon Seller Central,Creating Fulfillment Reports,https://wiki.amazowl.com/sop/seller-central/creating-inventory-age-report
Amazon Seller Central,Creating Fulfillment Reports,https://wiki.amazowl.com/sop/seller-central/creating-manage-FBA-inventory-report
Amazon Seller Central,Creating Fulfillment Reports,https://wiki.amazowl.com/sop/seller-central/creating-manage-FBA-inventory-archive-report
Amazon Seller Central,Creating Fulfillment Reports,https://wiki.amazowl.com/sop/seller-central/creating-inbound-performance-report
Amazon Seller Central,Creating Fulfillment Reports,https://wiki.amazowl.com/sop/seller-central/creating-exportable-inventory-US-report
Amazon Seller Central,Creating Fulfillment Reports,https://wiki.amazowl.com/sop/seller-central/creating-excess-inventory-report
Amazon Seller Central,Creating Fulfillment Reports,https://wiki.amazowl.com/sop/seller-central/creating-bulk-fix-stranded-inventory-report
Amazon Seller Central,Creating Fulfillment Reports,https://wiki.amazowl.com/sop/seller-central/creating-outlet-deals-report
Amazon Seller Central,Creating Fulfillment Reports,https://wiki.amazowl.com/sop/seller-central/creating-subscribe-and-save-performance-report
Amazon Seller Central,Creating Fulfillment Reports,https://wiki.amazowl.com/sop/seller-central/creating-amazon-fulfilled-shipments-report
Amazon Seller Central,Creating Fulfillment Reports,https://wiki.amazowl.com/sop/seller-central/creating-all-orders-report
Amazon Seller Central,Creating Fulfillment Reports,https://wiki.amazowl.com/sop/seller-central/creating-all-orders-XML-report
Amazon Seller Central,Creating Fulfillment Reports,https://wiki.amazowl.com/sop/seller-central/creating-customer-shipments-sales-report
Amazon Seller Central,Creating Fulfillment Reports,https://wiki.amazowl.com/sop/seller-central/creating-promotions-report
Amazon Seller Central,Creating Fulfillment Reports,https://wiki.amazowl.com/sop/seller-central/creating-customer-taxes-report
Amazon Seller Central,Creating Fulfillment Reports,https://wiki.amazowl.com/sop/seller-central/creating-fee-preview-report
Amazon Seller Central,Creating Fulfillment Reports,https://wiki.amazowl.com/sop/seller-central/creating-inventory-storage-overage-fees-report
Amazon Seller Central,Creating Fulfillment Reports,https://wiki.amazowl.com/sop/seller-central/creating-monthly-storage-fees-report
Amazon Seller Central,Creating Fulfillment Reports,https://wiki.amazowl.com/sop/seller-central/creating-long-term-storage-fee-charges-report
Amazon Seller Central,Creating Fulfillment Reports,https://wiki.amazowl.com/sop/seller-central/creating-reimbursements-report
Amazon Seller Central,Creating Fulfillment Reports,https://wiki.amazowl.com/sop/seller-central/creating-FBA-customer-returns-report
Amazon Seller Central,Creating Fulfillment Reports,https://wiki.amazowl.com/sop/seller-central/creating-replacements-report
Amazon Seller Central,Creating Fulfillment Reports,https://wiki.amazowl.com/sop/seller-central/creating-recommended-removal-report
Amazon Seller Central,Creating Fulfillment Reports,https://wiki.amazowl.com/sop/seller-central/creating-removal-order-detail-report
Amazon Seller Central,Creating Fulfillment Reports,https://wiki.amazowl.com/sop/seller-central/creating-removal-shipment-detail-report
Amazon Seller Central,Seller Central Payments Reports,https://wiki.amazowl.com/sop/seller-central/downloading-statement-view-report
Amazon Seller Central,Seller Central Payments Reports,https://wiki.amazowl.com/sop/seller-central/downloading-transaction-view-report
Amazon Seller Central,Seller Central Payments Reports,https://wiki.amazowl.com/sop/seller-central/downloading-all-statements-report
Amazon Seller Central,Seller Central Payments Reports,https://wiki.amazowl.com/sop/seller-central/downloading-date-range-report
Amazon Seller Central,Seller Central Payments Reports,https://wiki.amazowl.com/sop/seller-central/downloading-advertising-invoice
Amazon Seller Central,Seller Central Returns Reports,https://wiki.amazowl.com/sop/seller-central/creating-return-reports
Amazon Seller Central,Seller Central Orders Reports,https://wiki.amazowl.com/sop/seller-central/creating-new-orders-report
Amazon Seller Central,Seller Central Orders Reports,https://wiki.amazowl.com/sop/seller-central/scheduling-new-orders-report
Amazon Seller Central,Seller Central Orders Reports,https://wiki.amazowl.com/sop/seller-central/creating-unshipped-orders-report
Amazon Seller Central,Seller Central Orders Reports,https://wiki.amazowl.com/sop/seller-central/creating-end-of-day-form
Amazon Seller Central,Seller Central Orders Reports,https://wiki.amazowl.com/sop/seller-central/creating-archived-orders-report
Amazon Seller Central,Seller Central Advertising Reports,https://wiki.amazowl.com/sop/seller-central/creating-advertising-report
Amazon Seller Central,Seller Central Business Reports,https://wiki.amazowl.com/sop/seller-central/creating-sales-dashboard-report
Amazon Seller Central,Seller Central Business Reports,https://wiki.amazowl.com/sop/seller-central/creating-sales-traffic-report-by-date
Amazon Seller Central,Seller Central Business Reports,https://wiki.amazowl.com/sop/seller-central/creating-detail-page-sales-traffic-report-by-date
Amazon Seller Central,Seller Central Business Reports,https://wiki.amazowl.com/sop/seller-central/creating-seller-performance-report-by-date
Amazon Seller Central,Seller Central Business Reports,https://wiki.amazowl.com/sop/seller-central/creating-detail-page-sales-traffic-report-by-ASIN
Amazon Seller Central,Seller Central Business Reports,https://wiki.amazowl.com/sop/seller-central/creating-detail-page-sales-traffic-parent-ASIN-report
Amazon Seller Central,Seller Central Business Reports,https://wiki.amazowl.com/sop/seller-central/creating-detail-page-sales-traffic-child-ASIN-report
Amazon Seller Central,Seller Central Business Reports,https://wiki.amazowl.com/sop/seller-central/creating-brand-performance-report
Amazon Seller Central,Seller Central Business Reports,https://wiki.amazowl.com/sop/seller-central/creating-sales-orders-by-month-report
Amazon Seller Central,Seller Central Lightning Deals,https://wiki.amazowl.com/sop/seller-central/create-lightning-deal
Amazon Seller Central,Seller Central Lightning Deals,https://wiki.amazowl.com/sop/seller-central/edit-lightning-deal
Amazon Seller Central,Seller Central Lightning Deals,https://wiki.amazowl.com/sop/seller-central/cancel-lightning-deal
Amazon Seller Central,Seller Central Lightning Deals,https://wiki.amazowl.com/sop/seller-central/manage-suppressed-lightning-deal
Amazon Seller Central,Seller Central Lightning Deals,https://wiki.amazowl.com/sop/seller-central/view-lightning-deal-costs-performance
Amazon Seller Central,Seller Central 7-Day Deals,https://wiki.amazowl.com/sop/seller-central/create-7day-deal
Amazon Seller Central,Seller Central 7-Day Deals,https://wiki.amazowl.com/sop/seller-central/edit-7day-deal
Amazon Seller Central,Seller Central 7-Day Deals,https://wiki.amazowl.com/sop/seller-central/cancel-7day-deal
Amazon Seller Central,Seller Central 7-Day Deals,https://wiki.amazowl.com/sop/seller-central/manage-suppressed-7day-deal
Amazon Seller Central,Seller Central 7-Day Deals,https://wiki.amazowl.com/sop/seller-central/view-7day-deal-costs-performance
Amazon Seller Central,Seller Central Prime Exclusive Discounts,https://wiki.amazowl.com/sop/seller-central/create-prime-exclusive-discount
Amazon Seller Central,Seller Central Prime Exclusive Discounts,https://wiki.amazowl.com/sop/seller-central/edit-prime-exclusive-discount
Amazon Seller Central,Seller Central Prime Exclusive Discounts,https://wiki.amazowl.com/sop/seller-central/cancel-prime-exclusive-discount
Amazon Seller Central,Seller Central Prime Exclusive Discounts,https://wiki.amazowl.com/sop/seller-central/manage-suppressed-prime-exclusive-discount
Amazon Seller Central,Seller Central Prime Exclusive Discounts,https://wiki.amazowl.com/sop/seller-central/view-prime-exclusive-discount-costs-performance
Amazon Seller Central,Seller Central Coupons,https://wiki.amazowl.com/sop/seller-central/create-coupon
Amazon Seller Central,Seller Central Coupons,https://wiki.amazowl.com/sop/seller-central/edit-coupon
Amazon Seller Central,Seller Central Coupons,https://wiki.amazowl.com/sop/seller-central/cancel-coupon
Amazon Seller Central,Seller Central Coupons,https://wiki.amazowl.com/sop/seller-central/run-coupon-again
Amazon Seller Central,Seller Central Coupons,https://wiki.amazowl.com/sop/seller-central/manage-deactivated-coupon
Amazon Seller Central,Seller Central Coupons,https://wiki.amazowl.com/sop/seller-central/advertise-coupon
Amazon Seller Central,Seller Central Coupons,https://wiki.amazowl.com/sop/seller-central/view-coupon-costs-performance
Amazon Seller Central,Seller Central Promotions,https://wiki.amazowl.com/sop/seller-central/create-product-selection
Amazon Seller Central,Seller Central Promotions,https://wiki.amazowl.com/sop/seller-central/create-terms-conditions
Amazon Seller Central,Seller Central Promotions: Social Media Promo Codes,https://wiki.amazowl.com/sop/seller-central/create-social-media-promo-code
Amazon Seller Central,Seller Central Promotions: Social Media Promo Codes,https://wiki.amazowl.com/sop/seller-central/edit-social-media-promo-code
Amazon Seller Central,Seller Central Promotions: Social Media Promo Codes,https://wiki.amazowl.com/sop/seller-central/cancel-social-media-promo-code
Amazon Seller Central,Seller Central Promotions: Social Media Promo Codes,https://wiki.amazowl.com/sop/seller-central/duplicate-social-media-promo-code
Amazon Seller Central,Seller Central Promotions: Social Media Promo Codes,https://wiki.amazowl.com/sop/seller-central/advertise-social-media-promo-code
Amazon Seller Central,Seller Central Promotions: Social Media Promo Codes,https://wiki.amazowl.com/sop/seller-central/view-social-media-promo-code-costs-performance
Amazon Seller Central,Seller Central Promotions: Percentage Off Promotions,https://wiki.amazowl.com/sop/seller-central/create-percentage-off
Amazon Seller Central,Seller Central Promotions: Percentage Off Promotions,https://wiki.amazowl.com/sop/seller-central/edit-percentage-off
Amazon Seller Central,Seller Central Promotions: Percentage Off Promotions,https://wiki.amazowl.com/sop/seller-central/cancel-percentage-off
Amazon Seller Central,Seller Central Promotions: Percentage Off Promotions,https://wiki.amazowl.com/sop/seller-central/duplicate-percentage-off
Amazon Seller Central,Seller Central Promotions: Percentage Off Promotions,https://wiki.amazowl.com/sop/seller-central/view-percentage-off-costs-performance
Amazon Seller Central,Seller Central Promotions: Buy One Get One Promotion,https://wiki.amazowl.com/sop/seller-central/create-buy-one-get-one
Amazon Seller Central,Seller Central Promotions: Buy One Get One Promotion,https://wiki.amazowl.com/sop/seller-central/edit-buy-one-get-one
Amazon Seller Central,Seller Central Promotions: Buy One Get One Promotion,https://wiki.amazowl.com/sop/seller-central/cancel-buy-one-get-one
Amazon Seller Central,Seller Central Promotions: Buy One Get One Promotion,https://wiki.amazowl.com/sop/seller-central/duplicate-buy-one-get-one
Amazon Seller Central,Seller Central Promotions: Buy One Get One Promotion,https://wiki.amazowl.com/sop/seller-central/view-buy-one-get-one-costs-performance
Amazon Seller Central,Seller Central: Free Shipping,https://wiki.amazowl.com/sop/seller-central/set-up-free-shipping
Amazon Vendor Central,Vendor Central Terminology,https://wiki.amazowl.com/sop/vendor-central/terms-and-definitions
Amazon Vendor Central,Vendor Purchase Order Management,https://wiki.amazowl.com/sop/vendor-central/confirm-purchase-order
Amazon Vendor Central,Vendor Purchase Order Management,https://wiki.amazowl.com/sop/vendor-central/edit-purchase-order
Amazon Vendor Central,Vendor Purchase Order Management,https://wiki.amazowl.com/sop/vendor-central/cancel-purchase-order
Amazon Vendor Central,Vendor Purchase Order Management,https://wiki.amazowl.com/sop/vendor-central/creating-pick-list
Amazon Vendor Central,Vendor Purchase Order Management,https://wiki.amazowl.com/sop/vendor-central/submit-routing-request
Amazon Vendor Central,Vendor Purchase Order Management,https://wiki.amazowl.com/sop/vendor-central/submit-ASN
Amazon Vendor Central,Vendor Purchase Order Management,https://wiki.amazowl.com/sop/vendor-central/submit-invoice-ASN
Amazon Vendor Central,Vendor Purchase Order Management,https://wiki.amazowl.com/sop/vendor-central/submit-commercial-ASN
Amazon Vendor Central,Vendor Purchase Order Management,https://wiki.amazowl.com/sop/vendor-central/provide-correct-shipping-information-purchase-orders
Amazon Vendor Central,Vendor Purchase Order Management,https://wiki.amazowl.com/sop/vendor-central/create-correct-labels
Amazon Vendor Central,Vendor Purchase Order Management,https://wiki.amazowl.com/sop/vendor-central/create-vendor-initiated-orders
Amazon Vendor Central,Vendor Purchase Order Management,https://wiki.amazowl.com/sop/vendor-central/manage-purchase-order-outages
Amazon Vendor Central,Vendor Purchase Order Management,https://wiki.amazowl.com/sop/vendor-central/applying-manufacturer-validation-program
Amazon Vendor Central,Vendor Chargebacks,https://wiki.amazowl.com/sop/vendor-central/dispute-chargeback-general
Amazon Vendor Central,Vendor Chargebacks,https://wiki.amazowl.com/sop/vendor-central/dispute-chargeback-purchase-orders
Amazon Vendor Central,Vendor Chargebacks,https://wiki.amazowl.com/sop/vendor-central/dispute-chargeback-packaging
Amazon Vendor Central,Vendor Chargebacks,https://wiki.amazowl.com/sop/vendor-central/dispute-chargeback-labelling
Amazon Vendor Central,Vendor Chargebacks,https://wiki.amazowl.com/sop/vendor-central/dispute-chargeback-ASN
Amazon Vendor Central,Vendor Chargebacks,https://wiki.amazowl.com/sop/vendor-central/dispute-chargeback-transport
Amazon Vendor Central,Vendor Chargebacks,https://wiki.amazowl.com/sop/vendor-central/dispute-chargeback-direct-fulfillment
Amazon Vendor Central,Vendor Catalog Management,https://wiki.amazowl.com/sop/vendor-central/add-single-item
Amazon Vendor Central,Vendor Catalog Management,https://wiki.amazowl.com/sop/vendor-central/add-bulk-items
Amazon Vendor Central,Vendor Catalog Management,https://wiki.amazowl.com/sop/vendor-central/create-variations
Amazon Vendor Central,Vendor Catalog Management,https://wiki.amazowl.com/sop/vendor-central/add-image
Amazon Vendor Central,Vendor Catalog Management,https://wiki.amazowl.com/sop/vendor-central/add-video
Amazon Vendor Central,Vendor Catalog Management,https://wiki.amazowl.com/sop/vendor-central/edit-single-item
Amazon Vendor Central,Vendor Catalog Management,https://wiki.amazowl.com/sop/vendor-central/edit-bulk-items
Amazon Vendor Central,Vendor Catalog Management,https://wiki.amazowl.com/sop/vendor-central/edit-variations
Amazon Vendor Central,Vendor Catalog Management,https://wiki.amazowl.com/sop/vendor-central/edit-product-costs
Amazon Vendor Central,Vendor Catalog Management,https://wiki.amazowl.com/sop/vendor-central/edit-image
Amazon Vendor Central,Vendor Catalog Management,https://wiki.amazowl.com/sop/vendor-central/edit-video
Amazon Vendor Central,Vendor Catalog Management,https://wiki.amazowl.com/sop/vendor-central/product-availability
Amazon Vendor Central,Vendor Catalog Management,https://wiki.amazowl.com/sop/vendor-central/manage-duplicates
Amazon Vendor Central,Vendor Catalog Management,https://wiki.amazowl.com/sop/vendor-central/manage-barcodes
Amazon Vendor Central,Vendor Catalog Management,https://wiki.amazowl.com/sop/vendor-central/submit-GTIN-Gold-List-Template
Amazon Vendor Central,Vendor Catalog Management,https://wiki.amazowl.com/sop/vendor-central/audit-products
Amazon Vendor Central,Vendor Catalog Management,https://wiki.amazowl.com/sop/vendor-central/create-set-bundle
Amazon Vendor Central,Vendor Catalog Management,https://wiki.amazowl.com/sop/vendor-central/submit-product-certifications
Amazon Vendor Central,Vendor Catalog Management,https://wiki.amazowl.com/sop/vendor-central/manage-product-certifications
Amazon Vendor Central,Vendor Catalog Management,https://wiki.amazowl.com/sop/vendor-central/submit-fire-safety-information
Amazon Vendor Central,Vendor Catalog Management,https://wiki.amazowl.com/sop/vendor-central/submit-CPSIA-certifications
Amazon Vendor Central,Vendor Catalog Management,https://wiki.amazowl.com/sop/vendor-central/notifying-amazon-product-recall
Amazon Vendor Central,Vendor Catalog Management,https://wiki.amazowl.com/sop/vendor-central/reinstate-product-after-product-recall
Amazon Vendor Central,Vendor Catalog Management,https://wiki.amazowl.com/sop/vendor-central/register-product-packaging
Amazon Vendor Central,Vendor Catalog Management,https://wiki.amazowl.com/sop/vendor-central/create-case-pack
Amazon Vendor Central,Vendor Catalog Management,https://wiki.amazowl.com/sop/vendor-central/setup-catalog-feeds
Amazon Vendor Central,Vendor Catalog Management,https://wiki.amazowl.com/sop/vendor-central/submit-content-catalog-feeds
Amazon Vendor Central,Vendor Catalog Management,https://wiki.amazowl.com/sop/vendor-central/track-status-catalog-feeds
Amazon Vendor Central,Vendor Catalog Management,https://wiki.amazowl.com/sop/vendor-central/read-submission-status-report
Amazon Vendor Central,Vendor Finance and Agreements,https://wiki.amazowl.com/sop/vendor-central/locate-agreements
Amazon Vendor Central,Vendor Finance and Agreements,https://wiki.amazowl.com/sop/vendor-central/locate-remittance
Amazon Vendor Central,Vendor Finance and Agreements,https://wiki.amazowl.com/sop/vendor-central/read-reconcile-remittance
Amazon Vendor Central,Vendor Finance and Agreements,https://wiki.amazowl.com/sop/vendor-central/invoice-PO
Amazon Vendor Central,Vendor Finance and Agreements,https://wiki.amazowl.com/sop/vendor-central/create-commercial-invoice
Amazon Vendor Central,Vendor Finance and Agreements,https://wiki.amazowl.com/sop/vendor-central/cancel-invoice
Amazon Vendor Central,Vendor Finance and Agreements,https://wiki.amazowl.com/sop/vendor-central/amend-rejected-invoice
Amazon Vendor Central,Vendor Finance and Agreements,https://wiki.amazowl.com/sop/vendor-central/edit-product-costs
Amazon Vendor Central,Vendor Finance and Agreements,https://wiki.amazowl.com/sop/vendor-central/edit-product-price
Amazon Vendor Central,Vendor Finance and Agreements,https://wiki.amazowl.com/sop/vendor-central/avoid-provisions
Amazon Vendor Central,Vendor Finance and Agreements,https://wiki.amazowl.com/sop/vendor-central/setup-business-pricing
Amazon Vendor Central,Vendor Finance and Agreements,https://wiki.amazowl.com/sop/vendor-central/setup-business-discounts
Amazon Vendor Central,Vendor Shortages,https://wiki.amazowl.com/sop/vendor-central/submit-POD
Amazon Vendor Central,Vendor Shortages,https://wiki.amazowl.com/sop/vendor-central/review-shortage
Amazon Vendor Central,Vendor Shortages,https://wiki.amazowl.com/sop/vendor-central/dispute-shortage
Amazon Vendor Central,Vendor Shortages,https://wiki.amazowl.com/sop/vendor-central/cancel-shortage
Amazon Vendor Central,Vendor Disputes,https://wiki.amazowl.com/sop/vendor-central/create-dispute
Amazon Vendor Central,Vendor Disputes,https://wiki.amazowl.com/sop/vendor-central/cancel-dispute
Amazon Vendor Central,Vendor Disputes,https://wiki.amazowl.com/sop/vendor-central/view-resolved-dispute
Amazon Vendor Central,Vendor Disputes,https://wiki.amazowl.com/sop/vendor-central/redispute-resolved-dispute
Amazon Vendor Central,Vendor Disputes,https://wiki.amazowl.com/sop/vendor-central/dispute-price-discrepancy
Amazon Vendor Central,Vendor-Authorized Returns,https://wiki.amazowl.com/sop/vendor-central/authorize-individual-returns
Amazon Vendor Central,Vendor-Authorized Returns,https://wiki.amazowl.com/sop/vendor-central/authorize-bulk-returns
Amazon Vendor Central,Vendor-Authorized Returns,https://wiki.amazowl.com/sop/vendor-central/add-new-return-address
Amazon Vendor Central,Vendor-Authorized Returns,https://wiki.amazowl.com/sop/vendor-central/change-return-type-address
Amazon Vendor Central,Vendor-Authorized Returns,https://wiki.amazowl.com/sop/vendor-central/edit-return-address
Amazon Vendor Central,Vendor-Authorized Returns,https://wiki.amazowl.com/sop/vendor-central/dispute-returns-dispute-page
Amazon Vendor Central,Vendor-Authorized Returns,https://wiki.amazowl.com/sop/vendor-central/dispute-returns-vendor-returns-page
Amazon Vendor Central,Vendor Reporting,https://wiki.amazowl.com/sop/vendor-central/order-history-report
Amazon Vendor Central,Vendor Reporting,https://wiki.amazowl.com/sop/vendor-central/cancel-po-report
Amazon Vendor Central,Vendor Reporting,https://wiki.amazowl.com/sop/vendor-central/chargebacks-report
Amazon Vendor Central,Vendor Reporting,https://wiki.amazowl.com/sop/vendor-central/disputes-report
Amazon Vendor Central,Vendor Reporting,https://wiki.amazowl.com/sop/vendor-central/forecast-report
Amazon Vendor Central,Vendor Reporting,https://wiki.amazowl.com/sop/vendor-central/inventory-health-report
Amazon Vendor Central,Vendor Reporting,https://wiki.amazowl.com/sop/vendor-central/product-catalog-report
Amazon Vendor Central,Vendor Reporting,https://wiki.amazowl.com/sop/vendor-central/sales-diagnostic-report
Amazon Vendor Central,Vendor Reporting,https://wiki.amazowl.com/sop/vendor-central/answers-reviews-report
Amazon Vendor Central,Vendor Reporting,https://wiki.amazowl.com/sop/vendor-central/returns-report
Amazon Vendor Central,Vendor Reporting,https://wiki.amazowl.com/sop/vendor-central/arap-search-term-report
Amazon Vendor Central,Vendor Reporting,https://wiki.amazowl.com/sop/vendor-central/arap-customer-reviews-report
Amazon Vendor Central,Vendor Reporting,https://wiki.amazowl.com/sop/vendor-central/arap-demographics-report
Amazon Vendor Central,Vendor Reporting,https://wiki.amazowl.com/sop/vendor-central/arap-geographic-report
Amazon Vendor Central,Vendor Reporting,https://wiki.amazowl.com/sop/vendor-central/arap-comparison-report
Amazon Vendor Central,Vendor Reporting,https://wiki.amazowl.com/sop/vendor-central/arap-market-analysis-report
Amazon Vendor Central,Vendor Reporting,https://wiki.amazowl.com/sop/vendor-central/arap-net-ppm-report
Amazon Vendor Central,Vendor Reporting,https://wiki.amazowl.com/sop/vendor-central/arap-preorders-report
Amazon Vendor Central,Vendor Reporting,https://wiki.amazowl.com/sop/vendor-central/arap-realtime-sales-report
Amazon Vendor Central,Vendor Reporting,https://wiki.amazowl.com/sop/vendor-central/arap-repeat-purchase-report
Amazon Vendor Central,Vendor Reporting,https://wiki.amazowl.com/sop/vendor-central/arap-sales-trends-report
Amazon Vendor Central,Vendor Reporting,https://wiki.amazowl.com/sop/vendor-central/arap-traffic-report
Amazon Vendor Central,Vendor Direct Fulfillment,https://wiki.amazowl.com/sop/vendor-central/sign-up-direct-fulfillment
Amazon Vendor Central,Vendor Direct Fulfillment,https://wiki.amazowl.com/sop/vendor-central/fulfill-orders-direct-fulfillment
Amazon Vendor Central,Vendor Direct Fulfillment,https://wiki.amazowl.com/sop/vendor-central/fulfill-bulk-orders-direct-fulfillment
Amazon Vendor Central,Vendor Direct Fulfillment,https://wiki.amazowl.com/sop/vendor-central/add-multi-box-configuration-direct-fulfillment
Amazon Vendor Central,Vendor Direct Fulfillment,https://wiki.amazowl.com/sop/vendor-central/process-direct-fulfillment-returns
Amazon Vendor Central,Vendor Direct Fulfillment,https://wiki.amazowl.com/sop/vendor-central/use-own-carrier-direct-fulfillment
Amazon Vendor Central,Vendor Direct Fulfillment,https://wiki.amazowl.com/sop/vendor-central/set-up-own-ship-labels-direct-fulfillment
Amazon Vendor Central,Vendor Direct Fulfillment,https://wiki.amazowl.com/sop/vendor-central/create-virtual-warehouse-direct-fulfillment
Amazon Vendor Central,Vendor Direct Fulfillment,https://wiki.amazowl.com/sop/vendor-central/update-inventory-direct-fulfillment
Amazon Vendor Central,Vendor Direct Fulfillment,https://wiki.amazowl.com/sop/vendor-central/reinstating-direct-fulfillment-account
Amazon Vendor Central,Vendor Central Coupons,https://wiki.amazowl.com/sop/vendor-central/create-coupon-single
Amazon Vendor Central,Vendor Central Coupons,https://wiki.amazowl.com/sop/vendor-central/create-coupon-spreadsheet
Amazon Vendor Central,Vendor Central Coupons,https://wiki.amazowl.com/sop/vendor-central/edit-coupon
Amazon Vendor Central,Vendor Central Coupons,https://wiki.amazowl.com/sop/vendor-central/end-coupon
Amazon Vendor Central,Vendor Central Coupons,https://wiki.amazowl.com/sop/vendor-central/advertising-coupon
Amazon Vendor Central,Vendor Central Coupons,https://wiki.amazowl.com/sop/vendor-central/view-coupon-metrics
Amazon Vendor Central,Vendor Central Coupons,https://wiki.amazowl.com/sop/vendor-central/view-coupon-invoice-agreement
Amazon Vendor Central,Vendor Central Promotions: Price Discounts,https://wiki.amazowl.com/sop/vendor-central/create-price-discount
Amazon Vendor Central,Vendor Central Promotions: Price Discounts,https://wiki.amazowl.com/sop/vendor-central/edit-price-discount
Amazon Vendor Central,Vendor Central Promotions: Price Discounts,https://wiki.amazowl.com/sop/vendor-central/cancel-price-discount
Amazon Vendor Central,Vendor Central Promotions: Price Discounts,https://wiki.amazowl.com/sop/vendor-central/view-price-discount-metrics
Amazon Vendor Central,Vendor Central Promotions: Price Discounts,https://wiki.amazowl.com/sop/vendor-central/view-price-discount-invoice-agreement
Amazon Vendor Central,Vendor Central Promotions: Lightning Deals,https://wiki.amazowl.com/sop/vendor-central/create-lightning-deal
Amazon Vendor Central,Vendor Central Promotions: Lightning Deals,https://wiki.amazowl.com/sop/vendor-central/edit-lightning-deal
Amazon Vendor Central,Vendor Central Promotions: Lightning Deals,https://wiki.amazowl.com/sop/vendor-central/cancel-lightning-deal
Amazon Vendor Central,Vendor Central Promotions: Lightning Deals,https://wiki.amazowl.com/sop/vendor-central/view-lightning-deal-metrics
Amazon Vendor Central,Vendor Central Promotions: Lightning Deals,https://wiki.amazowl.com/sop/vendor-central/view-lightning-deal-invoice-agreements
Amazon Vendor Central,Vendor Central Promotions: Best Deals,https://wiki.amazowl.com/sop/vendor-central/create-best-deal
Amazon Vendor Central,Vendor Central Promotions: Best Deals,https://wiki.amazowl.com/sop/vendor-central/edit-best-deal
Amazon Vendor Central,Vendor Central Promotions: Best Deals,https://wiki.amazowl.com/sop/vendor-central/cancel-best-deal
Amazon Vendor Central,Vendor Central Promotions: Best Deals,https://wiki.amazowl.com/sop/vendor-central/view-best-deal-metrics
Amazon Vendor Central,Vendor Central Promotions: Best Deals,https://wiki.amazowl.com/sop/vendor-central/view-best-deal-invoice-agreements
Amazon Vendor Central,Vendor Central Promotions: Promo Codes,https://wiki.amazowl.com/sop/vendor-central/create-promo-code
Amazon Vendor Central,Vendor Central Promotions: Promo Codes,https://wiki.amazowl.com/sop/vendor-central/edit-promo-code
Amazon Vendor Central,Vendor Central Promotions: Promo Codes,https://wiki.amazowl.com/sop/vendor-central/cancel-promo-code
Amazon Vendor Central,Vendor Central Promotions: Promo Codes,https://wiki.amazowl.com/sop/vendor-central/view-promo-code-metrics
Amazon Vendor Central,Vendor Central Promotions: Promo Codes,https://wiki.amazowl.com/sop/vendor-central/view-promo-code-invoice-agreement
Amazon Vendor Central,Vendor Central Promotions: Dash Button,https://wiki.amazowl.com/sop/vendor-central/join-dash-button-program
Amazon Vendor Central,Vendor Central Settings,https://wiki.amazowl.com/sop/vendor-central/manage-bank-information
Amazon Vendor Central,Vendor Central Settings,https://wiki.amazowl.com/sop/vendor-central/manage-warehouses
Amazon Vendor Central,Vendor Central Settings,https://wiki.amazowl.com/sop/vendor-central/manage-permissions
Amazon Vendor Central,Vendor Central Settings,https://wiki.amazowl.com/sop/vendor-central/manage-contacts
Amazon Vendor Central,Vendor Central Settings,https://wiki.amazowl.com/sop/vendor-central/manage-notifications
Amazon Vendor Central,Vendor Central Electronic Data Interchange (EDI),https://wiki.amazowl.com/sop/vendor-central/setting-up-AS2
Amazon Vendor Central,Vendor Central Electronic Data Interchange (EDI),https://wiki.amazowl.com/sop/vendor-central/setting-up-FTP
Amazon Vendor Central,Vendor Central Electronic Data Interchange (EDI),https://wiki.amazowl.com/sop/vendor-central/using-FTP-with-Amazon
Amazon Vendor Central,Vendor Central Electronic Data Interchange (EDI),https://wiki.amazowl.com/sop/vendor-central/self-service-EDI-setup
Amazon Vendor Central,Vendor Central Electronic Data Interchange (EDI),https://wiki.amazowl.com/sop/vendor-central/completing-EDI-surveys
Amazon Vendor Central,Vendor Central Electronic Data Interchange (EDI),https://wiki.amazowl.com/sop/vendor-central/testing-EDI-processing
Amazon Vendor Central,Vendor Central Electronic Data Interchange (EDI),https://wiki.amazowl.com/sop/vendor-central/going-live-with-EDI
Amazon Vendor Central,Vendor Central Electronic Data Interchange (EDI),https://wiki.amazowl.com/sop/vendor-central/searching-EDI-transmissions
Amazon Vendor Central,Vendor Central Electronic Data Interchange (EDI),https://wiki.amazowl.com/sop/vendor-central/creating-EDI-cases
Amazon Content,A+ Content,https://wiki.amazowl.com/sop/amazon-content/creating-a-new-aplus-page-in-vendor-central
Amazon Content,A+ Content,https://wiki.amazowl.com/sop/creating-a-new-aplus-page-in-seller-central
Amazon Content,A+ Content,https://wiki.amazowl.com/sop/amazon-content/adding-aplus-modules-to-your-project
Amazon Content,A+ Content,https://wiki.amazowl.com/sop/amazon-content/rearranging-or-removing-aplus-modules
Amazon Content,A+ Content,https://wiki.amazowl.com/sop/amazon-content/uploading-content-to-an-aplus-page
Amazon Content,A+ Content,https://wiki.amazowl.com/sop/amazon-content/-adding-image-keywords-to-an-aplus-module
Amazon Content,A+ Content,https://wiki.amazowl.com/sop/amazon-content/adding-image-keywords-to-an-aplus-module
Amazon Content,A+ Content,https://wiki.amazowl.com/sop/amazon-content/adding-asins-to-an-aplus-page
Amazon Content,A+ Content,https://wiki.amazowl.com/sop/amazon-content/creating-aplus-content-that-varies-between-asins-in-a-family
Amazon Content,A+ Content,https://wiki.amazowl.com/sop/amazon-content/previewing-your-aplus-content
Amazon Content,A+ Content,https://wiki.amazowl.com/sop/amazon-content/submitting-your-aplus-content
Amazon Content,A+ Content,https://wiki.amazowl.com/sop/amazon-content/viewing-the-status-of-an-aplus-page
Amazon Content,A+ Content,https://wiki.amazowl.com/sop/amazon-content/finding-the-reason-for-a-rejected-aplus-page
Amazon Content,A+ Content,https://wiki.amazowl.com/sop/amazon-content/how-to-add-or-remove-asins-from-a-published-aplus-page
Amazon Content,A+ Content,https://wiki.amazowl.com/sop/amazon-content/duplicating-an-aplus-page
Amazon Content,A+ Content,https://wiki.amazowl.com/sop/amazon-content/suspending-an-aplus-page
Amazon Content,A+ Content,https://wiki.amazowl.com/sop/amazon-content/deleting-an-aplus-project
Amazon Content,Amazon Storefronts (Stores),https://wiki.amazowl.com/sop/amazon-content/where-to-create-a-store-in-seller-central
Amazon Content,Amazon Storefronts (Stores),https://wiki.amazowl.com/sop/amazon-content/where-to-create-a-store-in-vendor-central
Amazon Content,Amazon Storefronts (Stores),https://wiki.amazowl.com/sop/amazon-content/where-to-create-a-store-in-ams
Amazon Content,Amazon Storefronts (Stores),https://wiki.amazowl.com/sop/amazon-content/how-to-add-your-logo-to-the-store-navigation-bar
Amazon Content,Amazon Storefronts (Stores),https://wiki.amazowl.com/sop/amazon-content/adding-pages-to-your-amazon-store
Amazon Content,Amazon Storefronts (Stores),https://wiki.amazowl.com/sop/amazon-content/creating-sub-pages
Amazon Content,Amazon Storefronts (Stores),https://wiki.amazowl.com/sop/amazon-content/rearranging-the-navigation-bar
Amazon Content,Amazon Storefronts (Stores),https://wiki.amazowl.com/sop/amazon-content/where-to-find-the-amazon-stores-creation-guidelines
Amazon Content,Amazon Storefronts (Stores),https://wiki.amazowl.com/sop/amazon-content/adding-content-tiles-to-a-page
Amazon Content,Amazon Storefronts (Stores),https://wiki.amazowl.com/sop/amazon-content/rearranging-content-tiles-on-a-page
Amazon Content,Amazon Storefronts (Stores),https://wiki.amazowl.com/sop/amazon-content/deleting-content-tiles-on-a-page
Amazon Content,Amazon Storefronts (Stores),https://wiki.amazowl.com/sop/amazon-content/how-to-link-images-to-store-pages
Amazon Content,Amazon Storefronts (Stores),https://wiki.amazowl.com/sop/amazon-content/how-to-add-products-to-a-store
Amazon Content,Amazon Storefronts (Stores),https://wiki.amazowl.com/sop/amazon-content/how-to-batch-add-a-list-of-asins-to-your-store
Amazon Content,Amazon Storefronts (Stores),https://wiki.amazowl.com/sop/amazon-content/how-to-add-products-with-active-promotions-to-a-store
Amazon Content,Amazon Storefronts (Stores),https://wiki.amazowl.com/sop/amazon-content/adding-a-video-to-your-store
Amazon Content,Amazon Storefronts (Stores),https://wiki.amazowl.com/sop/amazon-content/creating-a-custom-mobile-layout
Amazon Content,Amazon Storefronts (Stores),https://wiki.amazowl.com/sop/amazon-content/previewing-your-store
Amazon Content,Amazon Storefronts (Stores),https://wiki.amazowl.com/sop/amazon-content/how-to-share-a-preview-of-your-store
Amazon Content,Amazon Storefronts (Stores),https://wiki.amazowl.com/sop/amazon-content/submitting-your-store
Amazon Content,Amazon Storefronts (Stores),https://wiki.amazowl.com/sop/amazon-content/viewing-your-store-status
Amazon Content,Amazon Storefronts (Stores),https://wiki.amazowl.com/sop/amazon-content/finding-the-reason-for-a-rejected-store
Amazon Content,Amazon Storefronts (Stores),https://wiki.amazowl.com/sop/amazon-content/where-to-find-amazons-content-acceptance-policy
Amazon Content,Amazon Storefronts (Stores),https://wiki.amazowl.com/sop/amazon-content/linking-your-listings-to-your-store
Amazon Content,Amazon Storefronts (Stores),https://wiki.amazowl.com/sop/amazon-content/creating-a-custom-store-url
Amazon Content,Amazon Storefronts (Stores),https://wiki.amazowl.com/sop/amazon-content/changing-the-stores-brand-display-name
Amazon Content,Amazon Storefronts (Stores),https://wiki.amazowl.com/sop/amazon-content/deleting-a-store
Amazon Content,Amazon Storefronts (Stores),https://wiki.amazowl.com/sop/amazon-content/how-to-create-store-source-tags-track-store-traffic-from-outside-sources
Amazon Content,Amazon Storefronts (Stores),https://wiki.amazowl.com/sop/amazon-content/how-to-view-your-store-business-analytics
Amazon Advertising,Amazon Advertising Terminology,https://wiki.amazowl.com/sop/amazon-advertising/core-advertising-terms-definitions
Amazon Advertising,Amazon Advertising SOP's,https://wiki.amazowl.com/sop/amazon-advertising/Login-to-Amazon-Advertising
Amazon Advertising,Amazon Advertising SOP's,https://wiki.amazowl.com/sop/amazon-advertising/Product-retail-readiness
Amazon Advertising,Amazon Advertising SOP's,https://wiki.amazowl.com/sop/amazon-advertising/Advertising-strategy
Amazon Advertising,Amazon Advertising SOP's,https://wiki.amazowl.com/sop/amazon-advertising/Creating-Sponsored-Products-Auto-targeting-campaign
Amazon Advertising,Amazon Advertising SOP's,https://wiki.amazowl.com/sop/amazon-advertising/Creating-Sponsored-Products-Manual-keyword-targeting-campaign
Amazon Advertising,Amazon Advertising SOP's,https://wiki.amazowl.com/sop/amazon-advertising/Creating-Sponsored-Products-Product-Targeting-Campaign
Amazon Advertising,Amazon Advertising SOP's,https://wiki.amazowl.com/sop/amazon-advertising/Creating-Sponsored-Brands-Product-Collection-Campaign
Amazon Advertising,Amazon Advertising SOP's,https://wiki.amazowl.com/sop/amazon-advertising/Creating-Sponsored-Brands-Store-Spotlight-Campaign
Amazon Advertising,Amazon Advertising SOP's,https://wiki.amazowl.com/sop/amazon-advertising/Creating-Sponsored-Brands-Video-Campaign
Amazon Advertising,Amazon Advertising SOP's,https://wiki.amazowl.com/sop/amazon-advertising/Creating-Sponsored-Display-campaign
Amazon Advertising,Amazon Advertising SOP's,https://wiki.amazowl.com/sop/amazon-advertising/Creating-Sponsored-Display-Product-targeting-campaign
Amazon Advertising,Amazon Advertising SOP's,https://wiki.amazowl.com/sop/amazon-advertising/Account-structure-and-nomenclature
Amazon Advertising,Amazon Advertising SOP's,https://wiki.amazowl.com/sop/amazon-advertising/kw-research
Amazon Advertising,Amazon Advertising SOP's,https://wiki.amazowl.com/sop/amazon-advertising/Keywords-ASIN-harvesting
Amazon Advertising,Amazon Advertising SOP's,https://wiki.amazowl.com/sop/amazon-advertising/SP-Advertised-product-report
Amazon Advertising,Amazon Advertising SOP's,https://wiki.amazowl.com/sop/amazon-advertising/SP-Targeting-report
Amazon Advertising,Amazon Advertising SOP's,https://wiki.amazowl.com/sop/amazon-advertising/SP-Campaign-report
Amazon Advertising,Amazon Advertising SOP's,https://wiki.amazowl.com/sop/amazon-advertising/SP-Placement-report
Amazon Advertising,Amazon Advertising SOP's,https://wiki.amazowl.com/sop/amazon-advertising/SP-Purchased-product-report
Amazon Advertising,Amazon Advertising SOP's,https://wiki.amazowl.com/sop/amazon-advertising/SP-Performance-Over-Time-Report
Amazon Advertising,Amazon Advertising SOP's,https://wiki.amazowl.com/sop/amazon-advertising/SB-Keyword-report
Amazon Advertising,Amazon Advertising SOP's,https://wiki.amazowl.com/sop/amazon-advertising/SB-Keyword-Placement-report
Amazon Advertising,Amazon Advertising SOP's,https://wiki.amazowl.com/sop/amazon-advertising/SB-Campaign-report
Amazon Advertising,Amazon Advertising SOP's,https://wiki.amazowl.com/sop/amazon-advertising/SB-Campaign-placement-report
Amazon Advertising,Amazon Advertising SOP's,https://wiki.amazowl.com/sop/amazon-advertising/SB-Search-term-report
Amazon Advertising,Amazon Advertising SOP's,https://wiki.amazowl.com/sop/amazon-advertising/SB-Video-Keyword-report
Amazon Advertising,Amazon Advertising SOP's,https://wiki.amazowl.com/sop/amazon-advertising/SB-Video-Campaign-report
Amazon Advertising,Amazon Advertising SOP's,https://wiki.amazowl.com/sop/amazon-advertising/SB-Video-Campaign-placement-report
Amazon Advertising,Amazon Advertising SOP's,https://wiki.amazowl.com/sop/amazon-advertising/SB-Video-Search-term-report
Amazon Advertising,Amazon Advertising SOP's,https://wiki.amazowl.com/sop/amazon-advertising/sop/amazon-advertising/Logging-Amazon-Advertising-KDP
Amazon Advertising,Amazon Advertising SOP's,https://wiki.amazowl.com/sop/amazon-advertising/Creating-Sponsored-Products-Auto-Targeting-Campaign-KDP
Amazon Advertising,Amazon Advertising SOP's,https://wiki.amazowl.com/sop/amazon-advertising/Creating-Sponsored-Products-Manual-Targeting-Campaign-KDP
Amazon Advertising,Amazon Advertising SOP's,https://wiki.amazowl.com/sop/amazon-advertising/Creating-Lock-Screen-Ads-KDP
Walmart Foundations,Core Walmart Terminology,https://wiki.amazowl.com/sop/walmart/walmart-foundations/core-terms-definitions
Walmart Foundations,Walmart Platforms,https://wiki.amazowl.com/sop/walmart/walmart-foundations/platforms
Walmart Foundations,Walmart Programs,https://wiki.amazowl.com/sop/walmart/walmart-foundations/programs
Instacart Foundations,Core Instacart Terminology,https://wiki.amazowl.com/sop/instacart/foundations/core-terms-definitions
Ecommerce Foundations,Core eCommerce Terminology,https://wiki.amazowl.com/sop/core/ecommerce-terms-definitions
